{"cameraMode":{"drawMode":0,"name":"Shaded","section":"Shading Mode"},"sceneLighting":true,"audioPlay":false,"sceneViewState":{"m_AlwaysRefresh":false,"showFog":true,"showSkybox":true,"showFlares":true,"showImageEffects":true,"showParticleSystems":true,"showVisualEffectGraphs":true,"m_FxEnabled":true},"in2DMode":false,"pivot":{"x":12.212506294250489,"y":-0.07836630940437317,"z":1.705437421798706},"rotation":{"x":-0.021107656881213189,"y":0.9287548065185547,"z":-0.36623767018318179,"w":-0.05355793610215187},"size":10.512070655822754,"orthographic":false}